{
  "id": "b851228a-94ca-47b7-aa55-576ceb791adb",
  "name": "light_thunderstorm",
  "description": "Imported from https://weather.ambient-mixer.com/light-thunderstorm",
  "icon": "\ud83c\udfb5",
  "is_favorite": false,
  "categories": [],
  "short_file_threshold": 15.0,
  "tracks": {
    "Light_rain_2_37.mp3": {
      "presence": 1.0,
      "muted": false,
      "volume": 1.0,
      "playback_mode": "auto",
      "seamless_loop": false,
      "exclusive": false
    },
    "Light_thunder_right_to_center_38.mp3": {
      "presence": 1.0,
      "muted": false,
      "volume": 1.0,
      "playback_mode": "auto",
      "seamless_loop": false,
      "exclusive": false
    },
    "Distant_rolling_thunder_39.mp3": {
      "presence": 1.0,
      "muted": false,
      "volume": 1.0,
      "playback_mode": "auto",
      "seamless_loop": false,
      "exclusive": false
    },
    "Thunder_crispy_bang_40.mp3": {
      "presence": 1.0,
      "muted": false,
      "volume": 1.0,
      "playback_mode": "auto",
      "seamless_loop": false,
      "exclusive": false
    },
    "Pre_thunderstorm_41.mp3": {
      "presence": 1.0,
      "muted": false,
      "volume": 1.0,
      "playback_mode": "auto",
      "seamless_loop": false,
      "exclusive": false
    },
    "Thunder_crispy_bang_40": {
      "presence": 0.36,
      "muted": false,
      "volume": 1.0,
      "playback_mode": "sparse",
      "seamless_loop": true,
      "exclusive": false
    },
    "Distant_rolling_thunder_39": {
      "presence": 0.2,
      "muted": false,
      "volume": 1.0,
      "playback_mode": "sparse",
      "seamless_loop": false,
      "exclusive": false
    },
    "Pre_thunderstorm_41": {
      "presence": 0.33,
      "muted": false,
      "volume": 1.0,
      "playback_mode": "sparse",
      "seamless_loop": true,
      "exclusive": false
    },
    "Light_thunder_right_to_center_38": {
      "presence": 0.33,
      "muted": false,
      "volume": 1.0,
      "playback_mode": "sparse",
      "seamless_loop": false,
      "exclusive": false
    },
    "Light_rain_2_37": {
      "presence": 1.0,
      "muted": false,
      "volume": 1.0,
      "playback_mode": "auto",
      "seamless_loop": false,
      "exclusive": false
    }
  },
  "presets": {
    "stormy": {
      "name": "Stormy",
      "is_default": true,
      "tracks": {
        "Pre_thunderstorm_41": {
          "volume": 1.0,
          "presence": 0.33,
          "playback_mode": "sparse",
          "seamless_loop": true,
          "exclusive": false,
          "muted": false
        },
        "Light_rain_2_37": {
          "volume": 1.0,
          "presence": 1.0,
          "playback_mode": "auto",
          "seamless_loop": false,
          "exclusive": false,
          "muted": false
        },
        "Distant_rolling_thunder_39": {
          "volume": 1.0,
          "presence": 0.2,
          "playback_mode": "sparse",
          "seamless_loop": false,
          "exclusive": false,
          "muted": false
        },
        "Light_thunder_right_to_center_38": {
          "volume": 1.0,
          "presence": 0.33,
          "playback_mode": "sparse",
          "seamless_loop": false,
          "exclusive": false,
          "muted": false
        },
        "Thunder_crispy_bang_40": {
          "volume": 1.0,
          "presence": 0.36,
          "playback_mode": "sparse",
          "seamless_loop": true,
          "exclusive": false,
          "muted": false
        }
      }
    }
  },
  "attribution": {
    "source": "Ambient-Mixer.com",
    "source_url": "https://weather.ambient-mixer.com/light-thunderstorm",
    "template_id": "3",
    "license": "Creative Commons Sampling Plus 1.0",
    "license_url": "https://creativecommons.org/licenses/sampling+/1.0/",
    "imported_date": "2025-12-15T20:22:36.626402Z",
    "imported_by": "ambient_mixer"
  }
}